id,realmId,displayName,type,enemyId,rewardSpiritStones
node_01,REALM_QI_REFINING,炼气一层,NormalBattle,enemy_wood_demon;enemy_fire_imp,30
node_02,REALM_QI_REFINING,炼气圆满,EliteBattle,elite_thunder_beast,40
node_03,REALM_QI_REFINING,筑基渡劫,TribulationBattle,boss_qi_guardian,70
node_04,REALM_FOUNDATION,筑基初期,NormalBattle,enemy_water_wraith;enemy_metal_construct,35
node_05,REALM_FOUNDATION,筑基后期,EliteBattle,elite_flame_general,45
node_06,REALM_FOUNDATION,金丹渡劫,TribulationBattle,boss_golden_core,75
node_07,REALM_GOLDEN_CORE,金丹初期,NormalBattle,enemy_earth_golem;enemy_wind_spirit,40
node_08,REALM_GOLDEN_CORE,金丹后期,EliteBattle,elite_frost_serpent,50
node_09,REALM_GOLDEN_CORE,元婴渡劫,TribulationBattle,boss_nascent_soul,80
